,Frequência,Porcentagem,Contagem
"(6.575, 6.694]",13,30.952380952380953,|||||||||||||
"(6.456, 6.575]",10,23.809523809523807,||||||||||
"(6.814, 6.933]",5,11.904761904761903,|||||
"(6.694, 6.814]",4,9.523809523809524,||||
"(7.171, 7.29]",4,9.523809523809524,||||
"(6.337, 6.456]",2,4.761904761904762,||
"(6.933, 7.052]",2,4.761904761904762,||
"(6.0969999999999995, 6.218]",1,2.380952380952381,|
"(6.218, 6.337]",1,2.380952380952381,|
"(7.052, 7.171]",0,0.0,
