,Frequência,Porcentagem,Contagem
"(6.535, 6.59]",3,33.33333333333333,|||
"(6.426, 6.481]",2,22.22222222222222,||
"(6.481, 6.535]",2,22.22222222222222,||
"(6.098, 6.154]",1,11.11111111111111,|
"(6.263, 6.317]",1,11.11111111111111,|
"(6.154, 6.208]",0,0.0,
"(6.208, 6.263]",0,0.0,
"(6.317, 6.372]",0,0.0,
"(6.372, 6.426]",0,0.0,
